Computerkey,PrincipalNm,,InstanceNm,AgentNm,EditionNm,VersionNm,ServicePackVersionDesc,DatabaseNm,OwnerNm,RecoveryModelDesc
135,STRDS5101.odd.svc.company.com,STRDS5101\\MSRSNTTA_STG,MSRSNTTA_STG,SQLAgent$MSRSNTTA_STG,Enterprise Edition,10.52.4276.0,2,AdventureWorksLT,odd\naomi.godoy,SIMPLE
135,STRDS5101.odd.svc.company.com,STRDS5101\\MSRSNTTA_STG,MSRSNTTA_STG,SQLAgent$MSRSNTTA_STG,Enterprise Edition,10.52.4276.0,2,ContosoRetailDW,odd\naomi.godoy,SIMPLE
135,STRDS5101.odd.svc.company.com,STRDS5101\\MSRSNTTA_STG,MSRSNTTA_STG,SQLAgent$MSRSNTTA_STG,Enterprise Edition,10.52.4276.0,2,PerformancePoint Service Application_74ae594f08404fca84c12d1a142f214e,odd\naomi.godoy,SIMPLE
135,STRDS5101.odd.svc.company.com,STRDS5101\\MSRSNTTA_STG,MSRSNTTA_STG,SQLAgent$MSRSNTTA_STG,Enterprise Edition,10.52.4276.0,2,ReportServer_MSRSINT,odd\naomi.godoy,FULL
135,STRDS5101.odd.svc.company.com,STRDS5101\\MSRSNTTA_STG,MSRSNTTA_STG,SQLAgent$MSRSNTTA_STG,Enterprise Edition,10.52.4276.0,2,ReportServerTempDB,odd\naomi.godoy,SIMPLE
135,STRDS5101.odd.svc.company.com,STRDS5101\\MSRSNTTA_STG,MSRSNTTA_STG,SQLAgent$MSRSNTTA_STG,Enterprise Edition,10.52.4276.0,2,Search_Service_Application_DB_20e845d0fa7849b2a8e5ba6ed30d082d,odd\naomi.godoy,SIMPLE
135,STRDS5101.odd.svc.company.com,STRDS5101\\MSRSNTTA_STG,MSRSNTTA_STG,SQLAgent$MSRSNTTA_STG,Enterprise Edition,10.52.4276.0,2,Secure_Store_Service_DB_f3744a60-9855-423e-a363-9a8321b36b11,odd\naomi.godoy,SIMPLE
135,STRDS5101.odd.svc.company.com,STRDS5101\\MSRSNTTA_STG,MSRSNTTA_STG,SQLAgent$MSRSNTTA_STG,Enterprise Edition,10.52.4276.0,2,StateService_8087326c4562404786866af817db3056,odd\naomi.godoy,SIMPLE
135,STRDS5101.odd.svc.company.com,STRDS5101\\MSRSNTTA_STG,MSRSNTTA_STG,SQLAgent$MSRSNTTA_STG,Enterprise Edition,10.52.4276.0,2,tempdb,sa,SIMPLE
135,STRDS5101.odd.svc.company.com,STRDS5101\\MSRSNTTA_STG,MSRSNTTA_STG,SQLAgent$MSRSNTTA_STG,Enterprise Edition,10.52.4276.0,2,WSS_Content_30f5bf6e700048069f1f4fbdd73e91c1,odd\naomi.godoy,SIMPLE
135,STRDS5101.odd.svc.company.com,STRDS5101\\MSRSNTTA_STG,MSRSNTTA_STG,SQLAgent$MSRSNTTA_STG,Enterprise Edition,10.52.4276.0,2,2758_ReporServi_RSExecutionLog,odd\naomi.godoy,SIMPLE
135,STRDS5101.odd.svc.company.com,STRDS5101\\MSRSNTTA_STG,MSRSNTTA_STG,SQLAgent$MSRSNTTA_STG,Enterprise Edition,10.52.4276.0,2,AdventureWorksLT2008R2,odd\naomi.godoy,SIMPLE
135,STRDS5101.odd.svc.company.com,STRDS5101\\MSRSNTTA_STG,MSRSNTTA_STG,SQLAgent$MSRSNTTA_STG,Enterprise Edition,10.52.4276.0,2,Bdc_Service_DB_254d7854d9b648e6ac36023706e35b12,odd\naomi.godoy,SIMPLE
135,STRDS5101.odd.svc.company.com,STRDS5101\\MSRSNTTA_STG,MSRSNTTA_STG,SQLAgent$MSRSNTTA_STG,Enterprise Edition,10.52.4276.0,2,PowerPivotServiceApplication1_b51bab1f113d4d1eb657d50cb472fd22,odd\naomi.godoy,SIMPLE
135,STRDS5101.odd.svc.company.com,STRDS5101\\MSRSNTTA_STG,MSRSNTTA_STG,SQLAgent$MSRSNTTA_STG,Enterprise Edition,10.52.4276.0,2,ReportServer,odd\naomi.godoy,SIMPLE
135,STRDS5101.odd.svc.company.com,STRDS5101\\MSRSNTTA_STG,MSRSNTTA_STG,SQLAgent$MSRSNTTA_STG,Enterprise Edition,10.52.4276.0,2,Search_Service_Application_CrawlStoreDB_2a0d288a01134795a8d92c106b3004bc,odd\naomi.godoy,SIMPLE
135,STRDS5101.odd.svc.company.com,STRDS5101\\MSRSNTTA_STG,MSRSNTTA_STG,SQLAgent$MSRSNTTA_STG,Enterprise Edition,10.52.4276.0,2,Search_Service_Application_PropertyStoreDB_f870bf1e850040caab1ad008311d5b14,odd\naomi.godoy,SIMPLE
135,STRDS5101.odd.svc.company.com,STRDS5101\\MSRSNTTA_STG,MSRSNTTA_STG,SQLAgent$MSRSNTTA_STG,Enterprise Edition,10.52.4276.0,2,SSIS_Config_DB,odd\naomi.godoy,SIMPLE
135,STRDS5101.odd.svc.company.com,STRDS5101\\MSRSNTTA_STG,MSRSNTTA_STG,SQLAgent$MSRSNTTA_STG,Enterprise Edition,10.52.4276.0,2,User Profile Service Application_ProfileDB_bd4276c759e44cebb8d9620217893197,odd\naomi.godoy,SIMPLE
135,STRDS5101.odd.svc.company.com,STRDS5101\\MSRSNTTA_STG,MSRSNTTA_STG,SQLAgent$MSRSNTTA_STG,Enterprise Edition,10.52.4276.0,2,WebAnalyticsServiceApplication_StagingDB_fc7a8fdc-1893-4b84-ae4a-810f66eeece0,odd\naomi.godoy,SIMPLE
135,STRDS5101.odd.svc.company.com,STRDS5101\\MSRSNTTA_STG,MSRSNTTA_STG,SQLAgent$MSRSNTTA_STG,Enterprise Edition,10.52.4276.0,2,WordAutomationServices_de8b8f07473d49f6b3660783ac9dfe10,odd\naomi.godoy,SIMPLE
135,STRDS5101.odd.svc.company.com,STRDS5101\\MSRSNTTA_STG,MSRSNTTA_STG,SQLAgent$MSRSNTTA_STG,Enterprise Edition,10.52.4276.0,2,Application_Registry_Service_DB_b77b0aa83d9a42c784df3100f158961a,odd\naomi.godoy,SIMPLE
135,STRDS5101.odd.svc.company.com,STRDS5101\\MSRSNTTA_STG,MSRSNTTA_STG,SQLAgent$MSRSNTTA_STG,Enterprise Edition,10.52.4276.0,2,Managed Metadata Service_83b9a8f8abae43709d7261b4ebd20f59,odd\naomi.godoy,SIMPLE
135,STRDS5101.odd.svc.company.com,STRDS5101\\MSRSNTTA_STG,MSRSNTTA_STG,SQLAgent$MSRSNTTA_STG,Enterprise Edition,10.52.4276.0,2,master,sa,SIMPLE
135,STRDS5101.odd.svc.company.com,STRDS5101\\MSRSNTTA_STG,MSRSNTTA_STG,SQLAgent$MSRSNTTA_STG,Enterprise Edition,10.52.4276.0,2,model,sa,SIMPLE
135,STRDS5101.odd.svc.company.com,STRDS5101\\MSRSNTTA_STG,MSRSNTTA_STG,SQLAgent$MSRSNTTA_STG,Enterprise Edition,10.52.4276.0,2,msdb,sa,SIMPLE
135,STRDS5101.odd.svc.company.com,STRDS5101\\MSRSNTTA_STG,MSRSNTTA_STG,SQLAgent$MSRSNTTA_STG,Enterprise Edition,10.52.4276.0,2,ReportServer_RSSPSHARED,odd\naomi.godoy,SIMPLE
135,STRDS5101.odd.svc.company.com,STRDS5101\\MSRSNTTA_STG,MSRSNTTA_STG,SQLAgent$MSRSNTTA_STG,Enterprise Edition,10.52.4276.0,2,ReportServer_RSSPSHAREDTempDB,odd\naomi.godoy,SIMPLE
135,STRDS5101.odd.svc.company.com,STRDS5101\\MSRSNTTA_STG,MSRSNTTA_STG,SQLAgent$MSRSNTTA_STG,Enterprise Edition,10.52.4276.0,2,SharePoint_AdminContent_5a2c100f-8e84-4e7f-bce2-672fb009e527,odd\naomi.godoy,SIMPLE
135,STRDS5101.odd.svc.company.com,STRDS5101\\MSRSNTTA_STG,MSRSNTTA_STG,SQLAgent$MSRSNTTA_STG,Enterprise Edition,10.52.4276.0,2,SharePoint_Config,odd\naomi.godoy,SIMPLE
135,STRDS5101.odd.svc.company.com,STRDS5101\\MSRSNTTA_STG,MSRSNTTA_STG,SQLAgent$MSRSNTTA_STG,Enterprise Edition,10.52.4276.0,2,SSIS_Audit_db,odd\naomi.godoy,SIMPLE
135,STRDS5101.odd.svc.company.com,STRDS5101\\MSRSNTTA_STG,MSRSNTTA_STG,SQLAgent$MSRSNTTA_STG,Enterprise Edition,10.52.4276.0,2,User Profile Service Application_SocialDB_960a049fb631405a889efdac37466073,odd\naomi.godoy,SIMPLE
135,STRDS5101.odd.svc.company.com,STRDS5101\\MSRSNTTA_STG,MSRSNTTA_STG,SQLAgent$MSRSNTTA_STG,Enterprise Edition,10.52.4276.0,2,User Profile Service Application_SyncDB_a200345426764a10b4079c70d62f0a2e,odd\naomi.godoy,SIMPLE
135,STRDS5101.odd.svc.company.com,STRDS5101\\MSRSNTTA_STG,MSRSNTTA_STG,SQLAgent$MSRSNTTA_STG,Enterprise Edition,10.52.4276.0,2,WSS_Content,odd\naomi.godoy,SIMPLE
135,STRDS5101.odd.svc.company.com,STRDS5101\\MSRSNTTA_STG,MSRSNTTA_STG,SQLAgent$MSRSNTTA_STG,Enterprise Edition,10.52.4276.0,2,WSS_Logging,odd\naomi.godoy,SIMPLE
135,STRDS5101.odd.svc.company.com,STRDS5101\\MSRSNTTA_STG,MSRSNTTA_STG,SQLAgent$MSRSNTTA_STG,Enterprise Edition,10.52.4276.0,2,AdventureWorks,odd\naomi.godoy,SIMPLE
135,STRDS5101.odd.svc.company.com,STRDS5101\\MSRSNTTA_STG,MSRSNTTA_STG,SQLAgent$MSRSNTTA_STG,Enterprise Edition,10.52.4276.0,2,AdventureWorksDW,odd\naomi.godoy,SIMPLE
135,STRDS5101.odd.svc.company.com,STRDS5101\\MSRSNTTA_STG,MSRSNTTA_STG,SQLAgent$MSRSNTTA_STG,Enterprise Edition,10.52.4276.0,2,AdventureWorksDW2008R2,odd\naomi.godoy,SIMPLE
135,STRDS5101.odd.svc.company.com,STRDS5101\\MSRSNTTA_STG,MSRSNTTA_STG,SQLAgent$MSRSNTTA_STG,Enterprise Edition,10.52.4276.0,2,ReportServer_MSRSINTTempDB,odd\naomi.godoy,SIMPLE
135,STRDS5101.odd.svc.company.com,STRDS5101\\MSRSNTTA_STG,MSRSNTTA_STG,SQLAgent$MSRSNTTA_STG,Enterprise Edition,10.52.4276.0,2,WebAnalyticsServiceApplication_ReportingDB_fc37f7c6-3d88-423b-8170-634dbc9a8b09,odd\naomi.godoy,SIMPLE
782,BG6DS1210.odd.svc.company.com,BG6DS1210\\GDN01,GDN01,SQLAgent$GDN01,Enterprise Edition,11.1.3128.0,1,2122_IndiaDelivCenteHome_myPODCustom,odd\david.e.lines,SIMPLE
782,BG6DS1210.odd.svc.company.com,BG6DS1210\\GDN01,GDN01,SQLAgent$GDN01,Enterprise Edition,11.1.3128.0,1,Quest_Performance_Repository_01,odd\PerfAgentMgmtacct,SIMPLE
782,BG6DS1210.odd.svc.company.com,BG6DS1210\\GDN01,GDN01,SQLAgent$GDN01,Enterprise Edition,11.1.3128.0,1,ReportServer_PU,odd\david.e.lines,SIMPLE
782,BG6DS1210.odd.svc.company.com,BG6DS1210\\GDN01,GDN01,SQLAgent$GDN01,Enterprise Edition,11.1.3128.0,1,2122_IndiaDelivCenteHome_myPODCustom_deleteme,odd\david.e.lines,SIMPLE
782,BG6DS1210.odd.svc.company.com,BG6DS1210\\GDN01,GDN01,SQLAgent$GDN01,Enterprise Edition,11.1.3128.0,1,2660_IndiaSalesEnablPorta_Custom,odd\david.e.lines,SIMPLE
782,BG6DS1210.odd.svc.company.com,BG6DS1210\\GDN01,GDN01,SQLAgent$GDN01,Enterprise Edition,11.1.3128.0,1,master,sa,SIMPLE
782,BG6DS1210.odd.svc.company.com,BG6DS1210\\GDN01,GDN01,SQLAgent$GDN01,Enterprise Edition,11.1.3128.0,1,Quest_Perf_Repository,odd\PerfAgentMgmtacct,SIMPLE
782,BG6DS1210.odd.svc.company.com,BG6DS1210\\GDN01,GDN01,SQLAgent$GDN01,Enterprise Edition,11.1.3128.0,1,Quest_Performance_Repository_02,odd\PerfAgentMgmtacct,SIMPLE
782,BG6DS1210.odd.svc.company.com,BG6DS1210\\GDN01,GDN01,SQLAgent$GDN01,Enterprise Edition,11.1.3128.0,1,Quest_Performance_Repository01,odd\PerfAgentMgmtacct,SIMPLE
782,BG6DS1210.odd.svc.company.com,BG6DS1210\\GDN01,GDN01,SQLAgent$GDN01,Enterprise Edition,11.1.3128.0,1,ReportServer_PUTempDB,odd\david.e.lines,SIMPLE
782,BG6DS1210.odd.svc.company.com,BG6DS1210\\GDN01,GDN01,SQLAgent$GDN01,Enterprise Edition,11.1.3128.0,1,tempdb,sa,SIMPLE
782,BG6DS1210.odd.svc.company.com,BG6DS1210\\GDN01,GDN01,SQLAgent$GDN01,Enterprise Edition,11.1.3128.0,1,2122_IndiaDelivCenteHome_Custom,odd\david.e.lines,SIMPLE
782,BG6DS1210.odd.svc.company.com,BG6DS1210\\GDN01,GDN01,SQLAgent$GDN01,Enterprise Edition,11.1.3128.0,1,2716_DataArchCapacity,odd\david.e.lines,SIMPLE
782,BG6DS1210.odd.svc.company.com,BG6DS1210\\GDN01,GDN01,SQLAgent$GDN01,Enterprise Edition,11.1.3128.0,1,2916_DataArchCapacity,odd\david.e.lines,SIMPLE
782,BG6DS1210.odd.svc.company.com,BG6DS1210\\GDN01,GDN01,SQLAgent$GDN01,Enterprise Edition,11.1.3128.0,1,model,sa,FULL
782,BG6DS1210.odd.svc.company.com,BG6DS1210\\GDN01,GDN01,SQLAgent$GDN01,Enterprise Edition,11.1.3128.0,1,msdb,sa,SIMPLE
782,BG6DS1210.odd.svc.company.com,BG6DS1210\\GDN01,GDN01,SQLAgent$GDN01,Enterprise Edition,11.1.3128.0,1,Quest_Performance_Repository,odd\PerfAgentMgmtacct,SIMPLE
782,BG6DS1210.odd.svc.company.com,BG6DS1210\\GDN01,GDN01,SQLAgent$GDN01,Enterprise Edition,11.1.3128.0,1,2122_IndiaDelivCenteHome_Custom_Deleteme,odd\david.e.lines,SIMPLE
782,BG6DS1210.odd.svc.company.com,BG6DS1210\\GDN01,GDN01,SQLAgent$GDN01,Enterprise Edition,11.1.3128.0,1,2122_InternalJobPosting,odd\david.e.lines,SIMPLE
782,BG6DS1210.odd.svc.company.com,BG6DS1210\\GDN01,GDN01,SQLAgent$GDN01,Enterprise Edition,11.1.3128.0,1,2758_ReporServi_RSExecutionLog,odd\david.e.lines,SIMPLE
782,BG6DS1210.odd.svc.company.com,BG6DS1210\\GDN01,GDN01,SQLAgent$GDN01,Enterprise Edition,11.1.3128.0,1,DBA_Audit,odd\david.e.lines,SIMPLE
782,BG6DS1210.odd.svc.company.com,BG6DS1210\\GDN01,GDN01,SQLAgent$GDN01,Enterprise Edition,11.1.3128.0,1,SSIS_Audit_DB,odd\david.e.lines,SIMPLE
782,BG6DS1210.odd.svc.company.com,BG6DS1210\\GDN01,GDN01,SQLAgent$GDN01,Enterprise Edition,11.1.3128.0,1,SSIS_Config_DB,odd\david.e.lines,SIMPLE
1858,STRDS5102.odd.svc.company.com,STRDS5102\\MSSQLSERVER,MSSQLSERVER,SQLSERVERAGENT,Enterprise Edition,11.1.3128.0,1,msdb,sa,SIMPLE
1858,STRDS5102.odd.svc.company.com,STRDS5102\\MSSQLSERVER,MSSQLSERVER,SQLSERVERAGENT,Enterprise Edition,11.1.3128.0,1,ReportServer,odd\jose.luis.guilmore,SIMPLE
1858,STRDS5102.odd.svc.company.com,STRDS5102\\MSSQLSERVER,MSSQLSERVER,SQLSERVERAGENT,Enterprise Edition,11.1.3128.0,1,tempdb,sa,SIMPLE
1858,STRDS5102.odd.svc.company.com,STRDS5102\\STRDS5102_2005,STRDS5102_2005,SQLAgent$STRDS5102_2005,Enterprise Edition,11.1.3128.0,1,master,sa,SIMPLE
1858,STRDS5102.odd.svc.company.com,STRDS5102\\STRDS5102_2005,STRDS5102_2005,SQLAgent$STRDS5102_2005,Enterprise Edition,11.1.3128.0,1,msdb,sa,SIMPLE
1858,STRDS5102.odd.svc.company.com,STRDS5102\\STRDS5102_2005,STRDS5102_2005,SQLAgent$STRDS5102_2005,Enterprise Edition,11.1.3128.0,1,SSIS_Config_DB,odd\jose.luis.guilmore,SIMPLE
1858,STRDS5102.odd.svc.company.com,STRDS5102\\MSSQLSERVER,MSSQLSERVER,SQLSERVERAGENT,Enterprise Edition,11.1.3128.0,1,ReportServerTempDB,odd\jose.luis.guilmore,SIMPLE
1858,STRDS5102.odd.svc.company.com,STRDS5102\\MSSQLSERVER,MSSQLSERVER,SQLSERVERAGENT,Enterprise Edition,11.1.3128.0,1,master,sa,SIMPLE
1858,STRDS5102.odd.svc.company.com,STRDS5102\\MSSQLSERVER,MSSQLSERVER,SQLSERVERAGENT,Enterprise Edition,11.1.3128.0,1,model,sa,FULL
1858,STRDS5102.odd.svc.company.com,STRDS5102\\STRDS5102_2005,STRDS5102_2005,SQLAgent$STRDS5102_2005,Enterprise Edition,11.1.3128.0,1,2758_ReporServi_RSExecutionLog,odd\jose.luis.guilmore,SIMPLE
1858,STRDS5102.odd.svc.company.com,STRDS5102\\STRDS5102_2005,STRDS5102_2005,SQLAgent$STRDS5102_2005,Enterprise Edition,11.1.3128.0,1,model,sa,FULL
1858,STRDS5102.odd.svc.company.com,STRDS5102\\STRDS5102_2005,STRDS5102_2005,SQLAgent$STRDS5102_2005,Enterprise Edition,11.1.3128.0,1,SSIS_Audit_DB,odd\jose.luis.guilmore,SIMPLE
1858,STRDS5102.odd.svc.company.com,STRDS5102\\STRDS5102_2005,STRDS5102_2005,SQLAgent$STRDS5102_2005,Enterprise Edition,11.1.3128.0,1,tempdb,sa,SIMPLE
2407,STRVD5202.odd.svc.company.com,STRVD5202\\MSSQLSERVER,MSSQLSERVER,SQLSERVERAGENT,Enterprise Edition,10.52.4276.0,2,Application_Registry_Service_DB_de8adc84a7bf433780ade4546629c5fd,odd\2758_Farm_NTTA_Stg,SIMPLE
2407,STRVD5202.odd.svc.company.com,STRVD5202\\MSSQLSERVER,MSSQLSERVER,SQLSERVERAGENT,Enterprise Edition,10.52.4276.0,2,Bdc_Service_DB_8bda49bfd28f4e76b74364cb336e5b70,odd\2758_Farm_NTTA_Stg,SIMPLE
2407,STRVD5202.odd.svc.company.com,STRVD5202\\MSSQLSERVER,MSSQLSERVER,SQLSERVERAGENT,Enterprise Edition,10.52.4276.0,2,Managed Metadata Service_bd41b144da2345a2b26cba76ba0b633e,odd\2758_Farm_NTTA_Stg,SIMPLE
2407,STRVD5202.odd.svc.company.com,STRVD5202\\MSSQLSERVER,MSSQLSERVER,SQLSERVERAGENT,Enterprise Edition,10.52.4276.0,2,Search_Service_Application_DB_1727ac8758b4477aa0d9772d745e0fcb,odd\2758_Farm_NTTA_Stg,SIMPLE
2407,STRVD5202.odd.svc.company.com,STRVD5202\\MSSQLSERVER,MSSQLSERVER,SQLSERVERAGENT,Enterprise Edition,10.52.4276.0,2,Search_Service_Application_PropertyStoreDB_b205a3a9c96a424fbb9a4215bdd48091,odd\2758_Farm_NTTA_Stg,SIMPLE
2407,STRVD5202.odd.svc.company.com,STRVD5202\\MSSQLSERVER,MSSQLSERVER,SQLSERVERAGENT,Enterprise Edition,10.52.4276.0,2,StateService_6d715bcc465d4471a75c5b8265bdf105,odd\2758_Farm_NTTA_Stg,SIMPLE
2407,STRVD5202.odd.svc.company.com,STRVD5202\\MSSQLSERVER,MSSQLSERVER,SQLSERVERAGENT,Enterprise Edition,10.52.4276.0,2,User Profile Service Application_ProfileDB_5c652bfa9d104aa6bb6c9e9ece9ac6db,odd\2758_Farm_NTTA_Stg,SIMPLE
2407,STRVD5202.odd.svc.company.com,STRVD5202\\MSSQLSERVER,MSSQLSERVER,SQLSERVERAGENT,Enterprise Edition,10.52.4276.0,2,User Profile Service Application_SocialDB_c6c46b47b91145e1956b08941d494534,odd\2758_Farm_NTTA_Stg,SIMPLE
2407,STRVD5202.odd.svc.company.com,STRVD5202\\MSSQLSERVER,MSSQLSERVER,SQLSERVERAGENT,Enterprise Edition,10.52.4276.0,2,PerformancePoint Service Application_fed8ecfde7df48d3bc37231f97e0ec93,odd\2758_Farm_NTTA_Stg,SIMPLE
2407,STRVD5202.odd.svc.company.com,STRVD5202\\MSSQLSERVER,MSSQLSERVER,SQLSERVERAGENT,Enterprise Edition,10.52.4276.0,2,Search_Service_Application_CrawlStoreDB_e818630bdaa7475ea57db9f0be5b5f03,odd\2758_Farm_NTTA_Stg,SIMPLE
2407,STRVD5202.odd.svc.company.com,STRVD5202\\MSSQLSERVER,MSSQLSERVER,SQLSERVERAGENT,Enterprise Edition,10.52.4276.0,2,Secure_Store_Service_DB_53aa7727ddd848b1bfaccaa2fa734b9b,odd\2758_Farm_NTTA_Stg,SIMPLE
2407,STRVD5202.odd.svc.company.com,STRVD5202\\MSSQLSERVER,MSSQLSERVER,SQLSERVERAGENT,Enterprise Edition,10.52.4276.0,2,SharePoint_Config,odd\2758_Farm_NTTA_Stg,SIMPLE
2407,STRVD5202.odd.svc.company.com,STRVD5202\\MSSQLSERVER,MSSQLSERVER,SQLSERVERAGENT,Enterprise Edition,10.52.4276.0,2,tempdb,sa,SIMPLE
2407,STRVD5202.odd.svc.company.com,STRVD5202\\MSSQLSERVER,MSSQLSERVER,SQLSERVERAGENT,Enterprise Edition,10.52.4276.0,2,User Profile Service Application_SyncDB_6b7c3898af774241b13c668ca2f9e4b9,odd\2758_Farm_NTTA_Stg,SIMPLE
2407,STRVD5202.odd.svc.company.com,STRVD5202\\MSSQLSERVER,MSSQLSERVER,SQLSERVERAGENT,Enterprise Edition,10.52.4276.0,2,WebAnalyticsServiceApplication_StagingDB_2e147044-c628-4713-b32d-b0c7c64bda9d,odd\2758_Farm_NTTA_Stg,SIMPLE
2407,STRVD5202.odd.svc.company.com,STRVD5202\\MSSQLSERVER,MSSQLSERVER,SQLSERVERAGENT,Enterprise Edition,10.52.4276.0,2,master,sa,SIMPLE
2407,STRVD5202.odd.svc.company.com,STRVD5202\\MSSQLSERVER,MSSQLSERVER,SQLSERVERAGENT,Enterprise Edition,10.52.4276.0,2,msdb,sa,SIMPLE
2407,STRVD5202.odd.svc.company.com,STRVD5202\\MSSQLSERVER,MSSQLSERVER,SQLSERVERAGENT,Enterprise Edition,10.52.4276.0,2,ReportServer,odd\jose.luis.guilmore,FULL
2407,STRVD5202.odd.svc.company.com,STRVD5202\\MSSQLSERVER,MSSQLSERVER,SQLSERVERAGENT,Enterprise Edition,10.52.4276.0,2,SharePoint_AdminContent_8ecca588-bbb1-4bad-8b32-f2b413954ab4,odd\2758_Farm_NTTA_Stg,SIMPLE
2407,STRVD5202.odd.svc.company.com,STRVD5202\\MSSQLSERVER,MSSQLSERVER,SQLSERVERAGENT,Enterprise Edition,10.52.4276.0,2,WordAutomationServices_e295e6fb9b2e411db21ca7ba70cf75a8,odd\2758_Farm_NTTA_Stg,SIMPLE
2407,STRVD5202.odd.svc.company.com,STRVD5202\\MSSQLSERVER,MSSQLSERVER,SQLSERVERAGENT,Enterprise Edition,10.52.4276.0,2,WSS_Content,odd\2758_Farm_NTTA_Stg,SIMPLE
2407,STRVD5202.odd.svc.company.com,STRVD5202\\MSSQLSERVER,MSSQLSERVER,SQLSERVERAGENT,Enterprise Edition,10.52.4276.0,2,WSS_Logging,odd\2758_Farm_NTTA_Stg,SIMPLE
2407,STRVD5202.odd.svc.company.com,STRVD5202\\MSSQLSERVER,MSSQLSERVER,SQLSERVERAGENT,Enterprise Edition,10.52.4276.0,2,model,sa,FULL
2407,STRVD5202.odd.svc.company.com,STRVD5202\\MSSQLSERVER,MSSQLSERVER,SQLSERVERAGENT,Enterprise Edition,10.52.4276.0,2,ReportServerTempDB,odd\jose.luis.guilmore,SIMPLE
2407,STRVD5202.odd.svc.company.com,STRVD5202\\MSSQLSERVER,MSSQLSERVER,SQLSERVERAGENT,Enterprise Edition,10.52.4276.0,2,WebAnalyticsServiceApplication_ReportingDB_27863f98-0dbc-4adc-8055-f2dec4e0fe6b,odd\2758_Farm_NTTA_Stg,SIMPLE
2407,STRVD5202.odd.svc.company.com,STRVD5202\\MSSQLSERVER,MSSQLSERVER,SQLSERVERAGENT,Enterprise Edition,10.52.4276.0,2,WSS_Content_53a50165b38f40ea97930149441ccc3f,odd\2758_Farm_NTTA_Stg,SIMPLE
2423,VRTVD3969.odd.svc.company.com,VRTVD3969\\ERA_BI_SQL,ERA_BI_SQL,SQLAgent$ERA_BI_SQL,Enterprise Edition,11.1.3401.0,1,master,sa,SIMPLE
2423,VRTVD3969.odd.svc.company.com,VRTVD3969\\ERA_BI_SQL,ERA_BI_SQL,SQLAgent$ERA_BI_SQL,Enterprise Edition,11.1.3401.0,1,PerformancePoint Service Application_b3fe620c741c495ca869590727847e40,,
2423,VRTVD3969.odd.svc.company.com,VRTVD3969\\ERA_BI_SQL,ERA_BI_SQL,SQLAgent$ERA_BI_SQL,Enterprise Edition,11.1.3401.0,1,Profile DB,,
2423,VRTVD3969.odd.svc.company.com,VRTVD3969\\ERA_BI_SQL,ERA_BI_SQL,SQLAgent$ERA_BI_SQL,Enterprise Edition,11.1.3401.0,1,ReportingService_6b5b87e2fe1d4ea4b6038c0c30aae3d4,,
2423,VRTVD3969.odd.svc.company.com,VRTVD3969\\ERA_BI_SQL,ERA_BI_SQL,SQLAgent$ERA_BI_SQL,Enterprise Edition,11.1.3401.0,1,ReportingService_6b5b87e2fe1d4ea4b6038c0c30aae3d4TempDB,,
2423,VRTVD3969.odd.svc.company.com,VRTVD3969\\ERA_BI_SQL,ERA_BI_SQL,SQLAgent$ERA_BI_SQL,Enterprise Edition,11.1.3401.0,1,Social DB,,
2423,VRTVD3969.odd.svc.company.com,VRTVD3969\\ERA_BI_SQL,ERA_BI_SQL,SQLAgent$ERA_BI_SQL,Enterprise Edition,11.1.3401.0,1,WSS_Content_a9af22292af344d983ce2d6022e68ca2,,
2423,VRTVD3969.odd.svc.company.com,VRTVD3969\\ERA_BI_SQL,ERA_BI_SQL,SQLAgent$ERA_BI_SQL,Enterprise Edition,11.1.3401.0,1,DefaultPowerPivotServiceApplicationDB-91fa4013-85c2-43bd-8624-558f1e3c9e96,,
2423,VRTVD3969.odd.svc.company.com,VRTVD3969\\ERA_BI_SQL,ERA_BI_SQL,SQLAgent$ERA_BI_SQL,Enterprise Edition,11.1.3401.0,1,model,,
2423,VRTVD3969.odd.svc.company.com,VRTVD3969\\ERA_BI_SQL,ERA_BI_SQL,SQLAgent$ERA_BI_SQL,Enterprise Edition,11.1.3401.0,1,msdb,sa,SIMPLE
2423,VRTVD3969.odd.svc.company.com,VRTVD3969\\ERA_BI_SQL,ERA_BI_SQL,SQLAgent$ERA_BI_SQL,Enterprise Edition,11.1.3401.0,1,SharePoint_AdminContent_0f562cac-b1e8-4b35-a146-5a482ec538a1,,
2423,VRTVD3969.odd.svc.company.com,VRTVD3969\\ERA_BI_SQL,ERA_BI_SQL,SQLAgent$ERA_BI_SQL,Enterprise Edition,11.1.3401.0,1,SharePoint_Config,,
2423,VRTVD3969.odd.svc.company.com,VRTVD3969\\ERA_BI_SQL,ERA_BI_SQL,SQLAgent$ERA_BI_SQL,Enterprise Edition,11.1.3401.0,1,StateService_4649168cd8104085b4e1d95143ad8461,,
2423,VRTVD3969.odd.svc.company.com,VRTVD3969\\ERA_BI_SQL,ERA_BI_SQL,SQLAgent$ERA_BI_SQL,Enterprise Edition,11.1.3401.0,1,TranslationService_8d47713624664f969d14941da01a42ca,,
2423,VRTVD3969.odd.svc.company.com,VRTVD3969\\ERA_BI_SQL,ERA_BI_SQL,SQLAgent$ERA_BI_SQL,Enterprise Edition,11.1.3401.0,1,DefaultPowerPivotServiceApplicationDB-81bea6c1-1800-412f-8858-bc9846358be8,,
2423,VRTVD3969.odd.svc.company.com,VRTVD3969\\ERA_BI_SQL,ERA_BI_SQL,SQLAgent$ERA_BI_SQL,Enterprise Edition,11.1.3401.0,1,DefaultPowerPivotServiceApplicationDB-f2c014e4-e277-4e1c-8400-3de3c3e28fbe,,
2423,VRTVD3969.odd.svc.company.com,VRTVD3969\\ERA_BI_SQL,ERA_BI_SQL,SQLAgent$ERA_BI_SQL,Enterprise Edition,11.1.3401.0,1,ReportingService_6b5b87e2fe1d4ea4b6038c0c30aae3d4_Alerting,,
2423,VRTVD3969.odd.svc.company.com,VRTVD3969\\ERA_BI_SQL,ERA_BI_SQL,SQLAgent$ERA_BI_SQL,Enterprise Edition,11.1.3401.0,1,Secure_Store_Service_DB_eae40bade1024a37860a2d37eeb5ec61,,
2423,VRTVD3969.odd.svc.company.com,VRTVD3969\\ERA_BI_SQL,ERA_BI_SQL,SQLAgent$ERA_BI_SQL,Enterprise Edition,11.1.3401.0,1,Sync DB,,
2423,VRTVD3969.odd.svc.company.com,VRTVD3969\\ERA_BI_SQL,ERA_BI_SQL,SQLAgent$ERA_BI_SQL,Enterprise Edition,11.1.3401.0,1,tempdb,sa,SIMPLE
2423,VRTVD3969.odd.svc.company.com,VRTVD3969\\ERA_BI_SQL,ERA_BI_SQL,SQLAgent$ERA_BI_SQL,Enterprise Edition,11.1.3401.0,1,TESTSQL2012DB,,
2423,VRTVD3969.odd.svc.company.com,VRTVD3969\\ERA_BI_SQL,ERA_BI_SQL,SQLAgent$ERA_BI_SQL,Enterprise Edition,11.1.3401.0,1,WSS_Content,,
2423,VRTVD3969.odd.svc.company.com,VRTVD3969\\ERA_BI_SQL,ERA_BI_SQL,SQLAgent$ERA_BI_SQL,Enterprise Edition,11.1.3401.0,1,WSS_Logging,,
2423,VRTVD3969.odd.svc.company.com,VRTVD3969\\ERA_BI_SQL,ERA_BI_SQL,SQLAgent$ERA_BI_SQL,Enterprise Edition,11.1.3401.0,1,AppMng_Service_DB_0d60d7d0f3eb4cf0a6d7aeec94e51569,,
2423,VRTVD3969.odd.svc.company.com,VRTVD3969\\ERA_BI_SQL,ERA_BI_SQL,SQLAgent$ERA_BI_SQL,Enterprise Edition,11.1.3401.0,1,DefaultPowerPivotServiceApplicationDB-650e0d4e-15d7-4df5-951e-4c5b77d0b764,,
2423,VRTVD3969.odd.svc.company.com,VRTVD3969\\ERA_BI_SQL,ERA_BI_SQL,SQLAgent$ERA_BI_SQL,Enterprise Edition,11.1.3401.0,1,DefaultPowerPivotServiceApplicationDB-9e3d876a-22d2-4f27-bb86-3e052f830e0a,,
2423,VRTVD3969.odd.svc.company.com,VRTVD3969\\ERA_BI_SQL,ERA_BI_SQL,SQLAgent$ERA_BI_SQL,Enterprise Edition,11.1.3401.0,1,Managed Metadata Service_22e286e1041b479e80a46bddcf0da935,,
2513,BG6VA1309.odd.svc.company.com,BG6VA1309\\COMPUTECLUSTER,COMPUTECLUSTER,SQLAgent$COMPUTECLUSTER,Express Edition,10.50.1600.1,0,tempdb,sa,SIMPLE
2513,BG6VA1309.odd.svc.company.com,BG6VA1309\\COMPUTECLUSTER,COMPUTECLUSTER,SQLAgent$COMPUTECLUSTER,Express Edition,10.50.1600.1,0,master,sa,SIMPLE
2513,BG6VA1309.odd.svc.company.com,BG6VA1309\\COMPUTECLUSTER,COMPUTECLUSTER,SQLAgent$COMPUTECLUSTER,Express Edition,10.50.1600.1,0,model,sa,SIMPLE
2513,BG6VA1309.odd.svc.company.com,BG6VA1309\\COMPUTECLUSTER,COMPUTECLUSTER,SQLAgent$COMPUTECLUSTER,Express Edition,10.50.1600.1,0,msdb,sa,SIMPLE
3837,VRTVA1492.odd.svc.company.com,VRTVA1492\\MSSQLSERVER,MSSQLSERVER,SQLSERVERAGENT,Enterprise Edition,11.1.3000.0,1,model,,
3837,VRTVA1492.odd.svc.company.com,VRTVA1492\\MSSQLSERVER,MSSQLSERVER,SQLSERVERAGENT,Enterprise Edition,11.1.3000.0,1,master,sa,SIMPLE
3837,VRTVA1492.odd.svc.company.com,VRTVA1492\\MSSQLSERVER,MSSQLSERVER,SQLSERVERAGENT,Enterprise Edition,11.1.3000.0,1,msdb,sa,SIMPLE
3837,VRTVA1492.odd.svc.company.com,VRTVA1492\\MSSQLSERVER,MSSQLSERVER,SQLSERVERAGENT,Enterprise Edition,11.1.3000.0,1,SSISDB,,
3837,VRTVA1492.odd.svc.company.com,VRTVA1492\\MSSQLSERVER,MSSQLSERVER,SQLSERVERAGENT,Enterprise Edition,11.1.3000.0,1,tempdb,sa,SIMPLE
4090,STRDS6104.odd.svc.company.com,STRDS6104\\MSRSNTTA,MSRSNTTA,SQLAgent$MSRSNTTA,Enterprise Edition,10.52.4276.0,2,Application_Registry_Service_DB_17290831380042798484ea8bce838953,odd\praveen.swamy,SIMPLE
4090,STRDS6104.odd.svc.company.com,STRDS6104\\MSRSNTTA,MSRSNTTA,SQLAgent$MSRSNTTA,Enterprise Edition,10.52.4276.0,2,Bdc_Service_DB_e6f9f3b09f224677a4a8453ed409f42b,odd\praveen.swamy,SIMPLE
4090,STRDS6104.odd.svc.company.com,STRDS6104\\MSRSNTTA,MSRSNTTA,SQLAgent$MSRSNTTA,Enterprise Edition,10.52.4276.0,2,INTMODE_ReportServer,odd\praveen.swamy,FULL
4090,STRDS6104.odd.svc.company.com,STRDS6104\\MSRSNTTA,MSRSNTTA,SQLAgent$MSRSNTTA,Enterprise Edition,10.52.4276.0,2,ReportServer_INTTempDB,odd\praveen.swamy,SIMPLE
4090,STRDS6104.odd.svc.company.com,STRDS6104\\MSRSNTTA,MSRSNTTA,SQLAgent$MSRSNTTA,Enterprise Edition,10.52.4276.0,2,ReportServer_NTTA_INT,odd\praveen.swamy,FULL
4090,STRDS6104.odd.svc.company.com,STRDS6104\\MSRSNTTA,MSRSNTTA,SQLAgent$MSRSNTTA,Enterprise Edition,10.52.4276.0,2,ReportServer_RSSPSHAREDTempDB,odd\praveen.swamy,SIMPLE
4090,STRDS6104.odd.svc.company.com,STRDS6104\\MSRSNTTA,MSRSNTTA,SQLAgent$MSRSNTTA,Enterprise Edition,10.52.4276.0,2,RSnttaINT,odd\praveen.swamy,FULL
4090,STRDS6104.odd.svc.company.com,STRDS6104\\MSRSNTTA,MSRSNTTA,SQLAgent$MSRSNTTA,Enterprise Edition,10.52.4276.0,2,Search_Service_Application_CrawlStoreDB_5819d88715344a81aa224fde73b02a0d,odd\praveen.swamy,SIMPLE
4090,STRDS6104.odd.svc.company.com,STRDS6104\\MSRSNTTA,MSRSNTTA,SQLAgent$MSRSNTTA,Enterprise Edition,10.52.4276.0,2,Search_Service_Application_DB_ccf34bb0071f46b1822317d85385217c,odd\2758_msrsNTTA_sql,SIMPLE
4090,STRDS6104.odd.svc.company.com,STRDS6104\\MSRSNTTA,MSRSNTTA,SQLAgent$MSRSNTTA,Enterprise Edition,10.52.4276.0,2,Secure_Store_Service_DB_d41868dc51654eeb9ea5092eaf26c4f9,odd\praveen.swamy,SIMPLE
4090,STRDS6104.odd.svc.company.com,STRDS6104\\MSRSNTTA,MSRSNTTA,SQLAgent$MSRSNTTA,Enterprise Edition,10.52.4276.0,2,User Profile Service Application_SocialDB_1544d26c7dd3473e9e231bb372188765,odd\praveen.swamy,SIMPLE
4090,STRDS6104.odd.svc.company.com,STRDS6104\\MSRSNTTA,MSRSNTTA,SQLAgent$MSRSNTTA,Enterprise Edition,10.52.4276.0,2,WSS_Content,odd\praveen.swamy,SIMPLE
4090,STRDS6104.odd.svc.company.com,STRDS6104\\MSRSNTTA,MSRSNTTA,SQLAgent$MSRSNTTA,Enterprise Edition,10.52.4276.0,2,Managed Metadata Service_e31d88318fee405d993a2a8a26a8a877,odd\praveen.swamy,SIMPLE
4090,STRDS6104.odd.svc.company.com,STRDS6104\\MSRSNTTA,MSRSNTTA,SQLAgent$MSRSNTTA,Enterprise Edition,10.52.4276.0,2,model,sa,FULL
4090,STRDS6104.odd.svc.company.com,STRDS6104\\MSRSNTTA,MSRSNTTA,SQLAgent$MSRSNTTA,Enterprise Edition,10.52.4276.0,2,ReportServer,odd\praveen.swamy,SIMPLE
4090,STRDS6104.odd.svc.company.com,STRDS6104\\MSRSNTTA,MSRSNTTA,SQLAgent$MSRSNTTA,Enterprise Edition,10.52.4276.0,2,ReportServer_NTTA_INTTempDB,odd\praveen.swamy,SIMPLE
4090,STRDS6104.odd.svc.company.com,STRDS6104\\MSRSNTTA,MSRSNTTA,SQLAgent$MSRSNTTA,Enterprise Edition,10.52.4276.0,2,StateService_2ceb901f5f63487bbc033e2981bc54ec,odd\praveen.swamy,SIMPLE
4090,STRDS6104.odd.svc.company.com,STRDS6104\\MSRSNTTA,MSRSNTTA,SQLAgent$MSRSNTTA,Enterprise Edition,10.52.4276.0,2,tempdb,sa,SIMPLE
4090,STRDS6104.odd.svc.company.com,STRDS6104\\MSRSNTTA,MSRSNTTA,SQLAgent$MSRSNTTA,Enterprise Edition,10.52.4276.0,2,User Profile Service Application_SyncDB_fc648bddce0142f08bd482257f8353f6,odd\praveen.swamy,SIMPLE
4090,STRDS6104.odd.svc.company.com,STRDS6104\\MSRSNTTA,MSRSNTTA,SQLAgent$MSRSNTTA,Enterprise Edition,10.52.4276.0,2,WebAnalyticsServiceApplication_ReportingDB_c1467035-2cb4-4e00-835b-e2fe28354ea6,odd\praveen.swamy,SIMPLE
4090,STRDS6104.odd.svc.company.com,STRDS6104\\MSRSNTTA,MSRSNTTA,SQLAgent$MSRSNTTA,Enterprise Edition,10.52.4276.0,2,WebAnalyticsServiceApplication_StagingDB_a64c2645-837d-432d-8a68-f7b632e83920,odd\praveen.swamy,SIMPLE
4090,STRDS6104.odd.svc.company.com,STRDS6104\\MSRSNTTA,MSRSNTTA,SQLAgent$MSRSNTTA,Enterprise Edition,10.52.4276.0,2,2758_ReporServi_RSExecutionLog,odd\gerbert.v.rey,SIMPLE
4090,STRDS6104.odd.svc.company.com,STRDS6104\\MSRSNTTA,MSRSNTTA,SQLAgent$MSRSNTTA,Enterprise Edition,10.52.4276.0,2,INTMODE_ReportServerTempDB,odd\praveen.swamy,SIMPLE
4090,STRDS6104.odd.svc.company.com,STRDS6104\\MSRSNTTA,MSRSNTTA,SQLAgent$MSRSNTTA,Enterprise Edition,10.52.4276.0,2,msdb,sa,SIMPLE
4090,STRDS6104.odd.svc.company.com,STRDS6104\\MSRSNTTA,MSRSNTTA,SQLAgent$MSRSNTTA,Enterprise Edition,10.52.4276.0,2,PerformancePoint Service Application_5452d6b4c8954e6a9c5ca15b58d08b07,odd\praveen.swamy,SIMPLE
4090,STRDS6104.odd.svc.company.com,STRDS6104\\MSRSNTTA,MSRSNTTA,SQLAgent$MSRSNTTA,Enterprise Edition,10.52.4276.0,2,PowerPivotServiceApplication1_f70de2b5f62143c489f3a1d95ad8e432,odd\praveen.swamy,SIMPLE
4090,STRDS6104.odd.svc.company.com,STRDS6104\\MSRSNTTA,MSRSNTTA,SQLAgent$MSRSNTTA,Enterprise Edition,10.52.4276.0,2,Report-Server,odd\praveen.swamy,SIMPLE
4090,STRDS6104.odd.svc.company.com,STRDS6104\\MSRSNTTA,MSRSNTTA,SQLAgent$MSRSNTTA,Enterprise Edition,10.52.4276.0,2,ReportServer_RSSPSHARED,odd\praveen.swamy,SIMPLE
4090,STRDS6104.odd.svc.company.com,STRDS6104\\MSRSNTTA,MSRSNTTA,SQLAgent$MSRSNTTA,Enterprise Edition,10.52.4276.0,2,RSnttaINTTempDB,odd\praveen.swamy,SIMPLE
4090,STRDS6104.odd.svc.company.com,STRDS6104\\MSRSNTTA,MSRSNTTA,SQLAgent$MSRSNTTA,Enterprise Edition,10.52.4276.0,2,Search_Service_Application_PropertyStoreDB_c655c9e01f8e49cda901158dc23dd1b4,odd\praveen.swamy,SIMPLE
4090,STRDS6104.odd.svc.company.com,STRDS6104\\MSRSNTTA,MSRSNTTA,SQLAgent$MSRSNTTA,Enterprise Edition,10.52.4276.0,2,SSIS_Audit_DB,odd\praveen.swamy,SIMPLE
4090,STRDS6104.odd.svc.company.com,STRDS6104\\MSRSNTTA,MSRSNTTA,SQLAgent$MSRSNTTA,Enterprise Edition,10.52.4276.0,2,SSIS_Config_DB,odd\gerbert.v.rey,SIMPLE
4090,STRDS6104.odd.svc.company.com,STRDS6104\\MSRSNTTA,MSRSNTTA,SQLAgent$MSRSNTTA,Enterprise Edition,10.52.4276.0,2,User Profile Service Application_ProfileDB_483fae11fc764504b3b5007b28410eb6,odd\gerbert.v.rey,SIMPLE
4090,STRDS6104.odd.svc.company.com,STRDS6104\\MSRSNTTA,MSRSNTTA,SQLAgent$MSRSNTTA,Enterprise Edition,10.52.4276.0,2,WSS_Content_0b67fcf5586245cfba278f726533ab48,odd\gerbert.v.rey,SIMPLE
4090,STRDS6104.odd.svc.company.com,STRDS6104\\MSRSNTTA,MSRSNTTA,SQLAgent$MSRSNTTA,Enterprise Edition,10.52.4276.0,2,master,sa,SIMPLE
4090,STRDS6104.odd.svc.company.com,STRDS6104\\MSRSNTTA,MSRSNTTA,SQLAgent$MSRSNTTA,Enterprise Edition,10.52.4276.0,2,ReportServer_INT,odd\praveen.swamy,FULL
4090,STRDS6104.odd.svc.company.com,STRDS6104\\MSRSNTTA,MSRSNTTA,SQLAgent$MSRSNTTA,Enterprise Edition,10.52.4276.0,2,ReportServerTempDB,odd\gerbert.v.rey,SIMPLE
4090,STRDS6104.odd.svc.company.com,STRDS6104\\MSRSNTTA,MSRSNTTA,SQLAgent$MSRSNTTA,Enterprise Edition,10.52.4276.0,2,Report-ServerTempDB,odd\praveen.swamy,SIMPLE
4090,STRDS6104.odd.svc.company.com,STRDS6104\\MSRSNTTA,MSRSNTTA,SQLAgent$MSRSNTTA,Enterprise Edition,10.52.4276.0,2,SharePoint_AdminContent_99e4d01b-345f-43e0-95a1-933888f92017,odd\gerbert.v.rey,SIMPLE
4090,STRDS6104.odd.svc.company.com,STRDS6104\\MSRSNTTA,MSRSNTTA,SQLAgent$MSRSNTTA,Enterprise Edition,10.52.4276.0,2,SharePoint_Config,odd\praveen.swamy,SIMPLE
4090,STRDS6104.odd.svc.company.com,STRDS6104\\MSRSNTTA,MSRSNTTA,SQLAgent$MSRSNTTA,Enterprise Edition,10.52.4276.0,2,WordAutomationServices_7535659ba0de4dd08c04ce9a2be5992a,odd\gerbert.v.rey,SIMPLE
4090,STRDS6104.odd.svc.company.com,STRDS6104\\MSRSNTTA,MSRSNTTA,SQLAgent$MSRSNTTA,Enterprise Edition,10.52.4276.0,2,WSS_Logging,odd\praveen.swamy,SIMPLE
4389,POFDS3734.odd.svc.company.com,POFDS3734\\SERVCENT01,SERVCENT01,SQLAgent$SERVCENT01,Enterprise Edition,11.1.3128.0,1,1623_RequiExpreSyste_Rex,odd\gerbert.v.rey,SIMPLE
4389,POFDS3734.odd.svc.company.com,POFDS3734\\SERVCENT01,SERVCENT01,SQLAgent$SERVCENT01,Enterprise Edition,11.1.3128.0,1,2245_ASCPeoplSoftArchv_6b,odd\gerbert.v.rey,SIMPLE
4389,POFDS3734.odd.svc.company.com,POFDS3734\\SERVCENT01,SERVCENT01,SQLAgent$SERVCENT01,Enterprise Edition,11.1.3128.0,1,master,sa,SIMPLE
4389,POFDS3734.odd.svc.company.com,POFDS3734\\SERVCENT01,SERVCENT01,SQLAgent$SERVCENT01,Enterprise Edition,11.1.3128.0,1,ReportServer,odd\marian.f.mawics,SIMPLE
4389,POFDS3734.odd.svc.company.com,POFDS3734\\SERVCENT01,SERVCENT01,SQLAgent$SERVCENT01,Enterprise Edition,11.1.3128.0,1,tempdb,sa,SIMPLE
4389,POFDS3734.odd.svc.company.com,POFDS3734\\SERVCENT01,SERVCENT01,SQLAgent$SERVCENT01,Enterprise Edition,11.1.3128.0,1,2245_ASCPeoplSoftArchv_7.5,odd\marian.f.mawics,SIMPLE
4389,POFDS3734.odd.svc.company.com,POFDS3734\\SERVCENT01,SERVCENT01,SQLAgent$SERVCENT01,Enterprise Edition,11.1.3128.0,1,2377_Ariba81DataArchiv,odd\marian.f.mawics,SIMPLE
4389,POFDS3734.odd.svc.company.com,POFDS3734\\SERVCENT01,SERVCENT01,SQLAgent$SERVCENT01,Enterprise Edition,11.1.3128.0,1,2758_ReporServi_RSExecutionLog,odd\marian.f.mawics,SIMPLE
4389,POFDS3734.odd.svc.company.com,POFDS3734\\SERVCENT01,SERVCENT01,SQLAgent$SERVCENT01,Enterprise Edition,11.1.3128.0,1,2245_ASCPeoplSoftArchv_6.0,odd\marian.f.mawics,SIMPLE
4389,POFDS3734.odd.svc.company.com,POFDS3734\\SERVCENT01,SERVCENT01,SQLAgent$SERVCENT01,Enterprise Edition,11.1.3128.0,1,2278_ESCAccHRServRep,odd\marian.f.mawics,SIMPLE
4389,POFDS3734.odd.svc.company.com,POFDS3734\\SERVCENT01,SERVCENT01,SQLAgent$SERVCENT01,Enterprise Edition,11.1.3128.0,1,2279_ESCPeoplSoftArchv,odd\marian.f.mawics,SIMPLE
4389,POFDS3734.odd.svc.company.com,POFDS3734\\SERVCENT01,SERVCENT01,SQLAgent$SERVCENT01,Enterprise Edition,11.1.3128.0,1,2376_Ariba706DataArchiv,odd\marian.f.mawics,SIMPLE
4389,POFDS3734.odd.svc.company.com,POFDS3734\\SERVCENT01,SERVCENT01,SQLAgent$SERVCENT01,Enterprise Edition,11.1.3128.0,1,model,sa,SIMPLE
4389,POFDS3734.odd.svc.company.com,POFDS3734\\SERVCENT01,SERVCENT01,SQLAgent$SERVCENT01,Enterprise Edition,11.1.3128.0,1,msdb,sa,SIMPLE
4389,POFDS3734.odd.svc.company.com,POFDS3734\\SERVCENT01,SERVCENT01,SQLAgent$SERVCENT01,Enterprise Edition,11.1.3128.0,1,ReportServerTempDB,odd\marian.f.mawics,SIMPLE
4968,STRDS6105.odd.svc.company.com,STRDS6105\\STRDS6105_2005,STRDS6105_2005,SQLAgent$STRDS6105_2005,Enterprise Edition,11.1.3128.0,1,ReportServerTempDB,odd\olivier.lazard,SIMPLE
4968,STRDS6105.odd.svc.company.com,STRDS6105\\STRDS6105_2005,STRDS6105_2005,SQLAgent$STRDS6105_2005,Enterprise Edition,11.1.3128.0,1,SSIS_Audit_DB,odd\olivier.lazard,SIMPLE
4968,STRDS6105.odd.svc.company.com,STRDS6105\\STRDS6105_2005,STRDS6105_2005,SQLAgent$STRDS6105_2005,Enterprise Edition,11.1.3128.0,1,SSIS_Config_DB,odd\olivier.lazard,SIMPLE
4968,STRDS6105.odd.svc.company.com,STRDS6105\\STRDS6105_2005,STRDS6105_2005,SQLAgent$STRDS6105_2005,Enterprise Edition,11.1.3128.0,1,2758_ReporServi_RSExecutionLog,odd\olivier.lazard,SIMPLE
4968,STRDS6105.odd.svc.company.com,STRDS6105\\STRDS6105_2005,STRDS6105_2005,SQLAgent$STRDS6105_2005,Enterprise Edition,11.1.3128.0,1,master,sa,SIMPLE
4968,STRDS6105.odd.svc.company.com,STRDS6105\\STRDS6105_2005,STRDS6105_2005,SQLAgent$STRDS6105_2005,Enterprise Edition,11.1.3128.0,1,model,sa,FULL
4968,STRDS6105.odd.svc.company.com,STRDS6105\\STRDS6105_2005,STRDS6105_2005,SQLAgent$STRDS6105_2005,Enterprise Edition,11.1.3128.0,1,ReportServer,odd\olivier.lazard,SIMPLE
4968,STRDS6105.odd.svc.company.com,STRDS6105\\STRDS6105_2005,STRDS6105_2005,SQLAgent$STRDS6105_2005,Enterprise Edition,11.1.3128.0,1,msdb,sa,SIMPLE
4968,STRDS6105.odd.svc.company.com,STRDS6105\\STRDS6105_2005,STRDS6105_2005,SQLAgent$STRDS6105_2005,Enterprise Edition,11.1.3128.0,1,tempdb,sa,SIMPLE
5827,STRVD6117.odd.svc.company.com,STRVD6117\\MSSQLSERVER,MSSQLSERVER,SQLSERVERAGENT,Enterprise Edition,11.1.3128.0,1,master,sa,SIMPLE
5827,STRVD6117.odd.svc.company.com,STRVD6117\\MSSQLSERVER,MSSQLSERVER,SQLSERVERAGENT,Enterprise Edition,11.1.3128.0,1,tempdb,sa,SIMPLE
5827,STRVD6117.odd.svc.company.com,STRVD6117\\MSSQLSERVER,MSSQLSERVER,SQLSERVERAGENT,Enterprise Edition,11.1.3128.0,1,Application_Registry_Service_DB_68570d561acc427193f514bccc490d48,odd\2758_Farm_STR_PRD,SIMPLE
5827,STRVD6117.odd.svc.company.com,STRVD6117\\MSSQLSERVER,MSSQLSERVER,SQLSERVERAGENT,Enterprise Edition,11.1.3128.0,1,Bdc_Service_DB_ca2bf0d377824f8394c92f731453fcfe,odd\2758_Farm_STR_PRD,SIMPLE
5827,STRVD6117.odd.svc.company.com,STRVD6117\\MSSQLSERVER,MSSQLSERVER,SQLSERVERAGENT,Enterprise Edition,11.1.3128.0,1,model,sa,SIMPLE
5827,STRVD6117.odd.svc.company.com,STRVD6117\\MSSQLSERVER,MSSQLSERVER,SQLSERVERAGENT,Enterprise Edition,11.1.3128.0,1,msdb,sa,SIMPLE
5827,STRVD6117.odd.svc.company.com,STRVD6117\\MSSQLSERVER,MSSQLSERVER,SQLSERVERAGENT,Enterprise Edition,11.1.3128.0,1,Search_Service_Application_CrawlStoreDB_66fcabc91c0d4824948820d426847ae8,odd\2758_Farm_STR_PRD,SIMPLE
5827,STRVD6117.odd.svc.company.com,STRVD6117\\MSSQLSERVER,MSSQLSERVER,SQLSERVERAGENT,Enterprise Edition,11.1.3128.0,1,Search_Service_Application_PropertyStoreDB_096506f766964a8cb2f0d5d83a19f4c5,odd\2758_Farm_STR_PRD,SIMPLE
5827,STRVD6117.odd.svc.company.com,STRVD6117\\MSSQLSERVER,MSSQLSERVER,SQLSERVERAGENT,Enterprise Edition,11.1.3128.0,1,Secure_Store_Service_DB_d89d654c9d9f410d925805a9395d6eb7,odd\2758_Farm_STR_PRD,SIMPLE
5827,STRVD6117.odd.svc.company.com,STRVD6117\\MSSQLSERVER,MSSQLSERVER,SQLSERVERAGENT,Enterprise Edition,11.1.3128.0,1,SharePoint_AdminContent_2c2fb842-d743-4c7e-a0e2-e362c80d8f04,odd\2758_Farm_STR_PRD,SIMPLE
5827,STRVD6117.odd.svc.company.com,STRVD6117\\MSSQLSERVER,MSSQLSERVER,SQLSERVERAGENT,Enterprise Edition,11.1.3128.0,1,WebAnalyticsServiceApplication_ReportingDB_f5d631a0-9bf5-4b92-a270-9500e793fa78,odd\2758_Farm_STR_PRD,SIMPLE
5827,STRVD6117.odd.svc.company.com,STRVD6117\\MSSQLSERVER,MSSQLSERVER,SQLSERVERAGENT,Enterprise Edition,11.1.3128.0,1,WSS_Content,odd\2758_Farm_STR_PRD,SIMPLE
5827,STRVD6117.odd.svc.company.com,STRVD6117\\MSSQLSERVER,MSSQLSERVER,SQLSERVERAGENT,Enterprise Edition,11.1.3128.0,1,WSS_Logging,odd\2758_Farm_STR_PRD,SIMPLE
5827,STRVD6117.odd.svc.company.com,STRVD6117\\MSSQLSERVER,MSSQLSERVER,SQLSERVERAGENT,Enterprise Edition,11.1.3128.0,1,Managed Metadata Service_d69364e9696f4a94ab05ef18af82076b,odd\2758_Farm_STR_PRD,SIMPLE
5827,STRVD6117.odd.svc.company.com,STRVD6117\\MSSQLSERVER,MSSQLSERVER,SQLSERVERAGENT,Enterprise Edition,11.1.3128.0,1,ReportServerTempDB,odd\2758_Farm_STR_PRD,SIMPLE
5827,STRVD6117.odd.svc.company.com,STRVD6117\\MSSQLSERVER,MSSQLSERVER,SQLSERVERAGENT,Enterprise Edition,11.1.3128.0,1,StateService_9d88673f71314309a2a4b9c0a48614b3,odd\2758_Farm_STR_PRD,SIMPLE
5827,STRVD6117.odd.svc.company.com,STRVD6117\\MSSQLSERVER,MSSQLSERVER,SQLSERVERAGENT,Enterprise Edition,11.1.3128.0,1,User Profile Service Application_ProfileDB_2e9d56659996410cbf0ae31e5101d146,odd\2758_Farm_STR_PRD,SIMPLE
5827,STRVD6117.odd.svc.company.com,STRVD6117\\MSSQLSERVER,MSSQLSERVER,SQLSERVERAGENT,Enterprise Edition,11.1.3128.0,1,User Profile Service Application_SyncDB_897de4867cac47cb88d283f5ccd7331b,odd\2758_Farm_STR_PRD,SIMPLE
5827,STRVD6117.odd.svc.company.com,STRVD6117\\MSSQLSERVER,MSSQLSERVER,SQLSERVERAGENT,Enterprise Edition,11.1.3128.0,1,WebAnalyticsServiceApplication_StagingDB_669df964-eda6-4182-aee2-d357ee3df0e1,odd\2758_Farm_STR_PRD,SIMPLE
5827,STRVD6117.odd.svc.company.com,STRVD6117\\MSSQLSERVER,MSSQLSERVER,SQLSERVERAGENT,Enterprise Edition,11.1.3128.0,1,WSS_Content_fa9992fef86f430dba7b1de0fdf14805,odd\2758_Farm_STR_PRD,SIMPLE
5827,STRVD6117.odd.svc.company.com,STRVD6117\\MSSQLSERVER,MSSQLSERVER,SQLSERVERAGENT,Enterprise Edition,11.1.3128.0,1,PerformancePoint Service Application_457d1467a00f4aeb8110b3ac3a4f0d94,odd\2758_Farm_STR_PRD,SIMPLE
5827,STRVD6117.odd.svc.company.com,STRVD6117\\MSSQLSERVER,MSSQLSERVER,SQLSERVERAGENT,Enterprise Edition,11.1.3128.0,1,ReportServer,odd\2758_Farm_STR_PRD,SIMPLE
5827,STRVD6117.odd.svc.company.com,STRVD6117\\MSSQLSERVER,MSSQLSERVER,SQLSERVERAGENT,Enterprise Edition,11.1.3128.0,1,Search_Service_Application_DB_fbfbcc30991d4b909124088fe241ddd7,odd\2758_Farm_STR_PRD,SIMPLE
5827,STRVD6117.odd.svc.company.com,STRVD6117\\MSSQLSERVER,MSSQLSERVER,SQLSERVERAGENT,Enterprise Edition,11.1.3128.0,1,SharePoint_Config,odd\2758_Farm_STR_PRD,SIMPLE
5827,STRVD6117.odd.svc.company.com,STRVD6117\\MSSQLSERVER,MSSQLSERVER,SQLSERVERAGENT,Enterprise Edition,11.1.3128.0,1,User Profile Service Application_SocialDB_49d0576c45c947fa81d37d36ba9c6acd,odd\2758_Farm_STR_PRD,SIMPLE
7446,VRTVD5073.odd.svc.company.com,VRTVD5073\\MSSQLSERVER,MSSQLSERVER,SQLSERVERAGENT,Enterprise Edition,11.1.3000.0,1,model,sa,FULL
7446,VRTVD5073.odd.svc.company.com,VRTVD5073\\MSSQLSERVER,MSSQLSERVER,SQLSERVERAGENT,Enterprise Edition,11.1.3000.0,1,tempdb,sa,SIMPLE
7446,VRTVD5073.odd.svc.company.com,VRTVD5073\\MSSQLSERVER,MSSQLSERVER,SQLSERVERAGENT,Enterprise Edition,11.1.3000.0,1,master,sa,SIMPLE
7446,VRTVD5073.odd.svc.company.com,VRTVD5073\\MSSQLSERVER,MSSQLSERVER,SQLSERVERAGENT,Enterprise Edition,11.1.3000.0,1,msdb,sa,SIMPLE
7452,VRTVD4953.odd.svc.company.com,VRTVD4953\\MSSQLSERVER,MSSQLSERVER,SQLSERVERAGENT,Enterprise Edition,11.1.3373.0,1,msdb,sa,SIMPLE
7452,VRTVD4953.odd.svc.company.com,VRTVD4953\\MSSQLSERVER,MSSQLSERVER,SQLSERVERAGENT,Enterprise Edition,11.1.3373.0,1,model,,
7452,VRTVD4953.odd.svc.company.com,VRTVD4953\\MSSQLSERVER,MSSQLSERVER,SQLSERVERAGENT,Enterprise Edition,11.1.3373.0,1,tempdb,sa,SIMPLE
7452,VRTVD4953.odd.svc.company.com,VRTVD4953\\MSSQLSERVER,MSSQLSERVER,SQLSERVERAGENT,Enterprise Edition,11.1.3373.0,1,master,sa,SIMPLE
7467,VRTVD5022.odd.svc.company.com,VRTVD5022\\ERA_BI_SQL,ERA_BI_SQL,SQLAgent$ERA_BI_SQL,Enterprise Edition,11.1.3401.0,1,DefaultPowerPivotServiceApplicationDB-d07907b7-3555-45b8-a3bf-5d3616b7f75d,,
7467,VRTVD5022.odd.svc.company.com,VRTVD5022\\ERA_BI_SQL,ERA_BI_SQL,SQLAgent$ERA_BI_SQL,Enterprise Edition,11.1.3401.0,1,Managed Metadata Service_a1e14c7b76984ddc845eb41bba145950,,
7467,VRTVD5022.odd.svc.company.com,VRTVD5022\\ERA_BI_SQL,ERA_BI_SQL,SQLAgent$ERA_BI_SQL,Enterprise Edition,11.1.3401.0,1,master,sa,SIMPLE
7467,VRTVD5022.odd.svc.company.com,VRTVD5022\\ERA_BI_SQL,ERA_BI_SQL,SQLAgent$ERA_BI_SQL,Enterprise Edition,11.1.3401.0,1,PerformancePoint Service Application_659fa744c14e42779c223f854abbf500,,
7467,VRTVD5022.odd.svc.company.com,VRTVD5022\\ERA_BI_SQL,ERA_BI_SQL,SQLAgent$ERA_BI_SQL,Enterprise Edition,11.1.3401.0,1,ReportingService_a76e8c1eee7f45d08e75f99e4d326b8e,,
7467,VRTVD5022.odd.svc.company.com,VRTVD5022\\ERA_BI_SQL,ERA_BI_SQL,SQLAgent$ERA_BI_SQL,Enterprise Edition,11.1.3401.0,1,Search_Service_App_AnalyticsReportingStoreDB_2e9ac66df8924670b46582f825b4fad6,,
7467,VRTVD5022.odd.svc.company.com,VRTVD5022\\ERA_BI_SQL,ERA_BI_SQL,SQLAgent$ERA_BI_SQL,Enterprise Edition,11.1.3401.0,1,Search_Service_App_CrawlStoreDB_21a7243722964189ba26a258248ee885,,
7467,VRTVD5022.odd.svc.company.com,VRTVD5022\\ERA_BI_SQL,ERA_BI_SQL,SQLAgent$ERA_BI_SQL,Enterprise Edition,11.1.3401.0,1,SharePoint_AdminContent_c7de86ce-94d0-41e4-8e11-c8e9a399ba99,,
7467,VRTVD5022.odd.svc.company.com,VRTVD5022\\ERA_BI_SQL,ERA_BI_SQL,SQLAgent$ERA_BI_SQL,Enterprise Edition,11.1.3401.0,1,User Profile Service Application_SocialDB_75ab7f645a3b4ecda4318d7cc9624fdc,,
7467,VRTVD5022.odd.svc.company.com,VRTVD5022\\ERA_BI_SQL,ERA_BI_SQL,SQLAgent$ERA_BI_SQL,Enterprise Edition,11.1.3401.0,1,User Profile Service Application_SyncDB_1e94c165a93f47379e8c881b3014ba28,,
7467,VRTVD5022.odd.svc.company.com,VRTVD5022\\ERA_BI_SQL,ERA_BI_SQL,SQLAgent$ERA_BI_SQL,Enterprise Edition,11.1.3401.0,1,ReportingService_a76e8c1eee7f45d08e75f99e4d326b8eTempDB,,
7467,VRTVD5022.odd.svc.company.com,VRTVD5022\\ERA_BI_SQL,ERA_BI_SQL,SQLAgent$ERA_BI_SQL,Enterprise Edition,11.1.3401.0,1,tempdb,sa,SIMPLE
7467,VRTVD5022.odd.svc.company.com,VRTVD5022\\ERA_BI_SQL,ERA_BI_SQL,SQLAgent$ERA_BI_SQL,Enterprise Edition,11.1.3401.0,1,User Profile Service Application_ProfileDB_368ad381dff9487f8583e7262f7b1f9d,,
7467,VRTVD5022.odd.svc.company.com,VRTVD5022\\ERA_BI_SQL,ERA_BI_SQL,SQLAgent$ERA_BI_SQL,Enterprise Edition,11.1.3401.0,1,WSS_Content,,
7467,VRTVD5022.odd.svc.company.com,VRTVD5022\\ERA_BI_SQL,ERA_BI_SQL,SQLAgent$ERA_BI_SQL,Enterprise Edition,11.1.3401.0,1,WSS_Content_6dffb2964b084b2fbcef0fe395558ff1,,
7467,VRTVD5022.odd.svc.company.com,VRTVD5022\\ERA_BI_SQL,ERA_BI_SQL,SQLAgent$ERA_BI_SQL,Enterprise Edition,11.1.3401.0,1,WSS_Logging,,
7467,VRTVD5022.odd.svc.company.com,VRTVD5022\\ERA_BI_SQL,ERA_BI_SQL,SQLAgent$ERA_BI_SQL,Enterprise Edition,11.1.3401.0,1,2758_ExcelUsageReportingDB,,
7467,VRTVD5022.odd.svc.company.com,VRTVD5022\\ERA_BI_SQL,ERA_BI_SQL,SQLAgent$ERA_BI_SQL,Enterprise Edition,11.1.3401.0,1,AppMng_Service_DB_8d628baeba36454aa20d4a20b02da0a6,,
7467,VRTVD5022.odd.svc.company.com,VRTVD5022\\ERA_BI_SQL,ERA_BI_SQL,SQLAgent$ERA_BI_SQL,Enterprise Edition,11.1.3401.0,1,IderaSPDMRepository,,
7467,VRTVD5022.odd.svc.company.com,VRTVD5022\\ERA_BI_SQL,ERA_BI_SQL,SQLAgent$ERA_BI_SQL,Enterprise Edition,11.1.3401.0,1,ReportingService_a76e8c1eee7f45d08e75f99e4d326b8e_Alerting,,
7467,VRTVD5022.odd.svc.company.com,VRTVD5022\\ERA_BI_SQL,ERA_BI_SQL,SQLAgent$ERA_BI_SQL,Enterprise Edition,11.1.3401.0,1,Search_Service_App_DB_ec66687eea704b20b5dfe01c7ce53889,,
7467,VRTVD5022.odd.svc.company.com,VRTVD5022\\ERA_BI_SQL,ERA_BI_SQL,SQLAgent$ERA_BI_SQL,Enterprise Edition,11.1.3401.0,1,Secure_Store_Service_DB_6c241a9896cb41eaae77b470227723eb,,
7467,VRTVD5022.odd.svc.company.com,VRTVD5022\\ERA_BI_SQL,ERA_BI_SQL,SQLAgent$ERA_BI_SQL,Enterprise Edition,11.1.3401.0,1,StateService_74e176ae49804ef08653662cedce4b68,,
7467,VRTVD5022.odd.svc.company.com,VRTVD5022\\ERA_BI_SQL,ERA_BI_SQL,SQLAgent$ERA_BI_SQL,Enterprise Edition,11.1.3401.0,1,TestDB,,
7467,VRTVD5022.odd.svc.company.com,VRTVD5022\\ERA_BI_SQL,ERA_BI_SQL,SQLAgent$ERA_BI_SQL,Enterprise Edition,11.1.3401.0,1,model,,
7467,VRTVD5022.odd.svc.company.com,VRTVD5022\\ERA_BI_SQL,ERA_BI_SQL,SQLAgent$ERA_BI_SQL,Enterprise Edition,11.1.3401.0,1,msdb,sa,SIMPLE
7467,VRTVD5022.odd.svc.company.com,VRTVD5022\\ERA_BI_SQL,ERA_BI_SQL,SQLAgent$ERA_BI_SQL,Enterprise Edition,11.1.3401.0,1,Search_Service_App_LinksStoreDB_aed126f8258a405192f16b876884d8d2,,
7467,VRTVD5022.odd.svc.company.com,VRTVD5022\\ERA_BI_SQL,ERA_BI_SQL,SQLAgent$ERA_BI_SQL,Enterprise Edition,11.1.3401.0,1,SharePoint_Config,,
7509,VRTVD5083.odd.svc.company.com,VRTVD5083\\MSSQLSERVER,MSSQLSERVER,SQLSERVERAGENT,Enterprise Edition,11.1.3000.0,1,master,sa,SIMPLE
7509,VRTVD5083.odd.svc.company.com,VRTVD5083\\MSSQLSERVER,MSSQLSERVER,SQLSERVERAGENT,Enterprise Edition,11.1.3000.0,1,model,sa,FULL
7509,VRTVD5083.odd.svc.company.com,VRTVD5083\\MSSQLSERVER,MSSQLSERVER,SQLSERVERAGENT,Enterprise Edition,11.1.3000.0,1,tempdb,sa,SIMPLE
7509,VRTVD5083.odd.svc.company.com,VRTVD5083\\MSSQLSERVER,MSSQLSERVER,SQLSERVERAGENT,Enterprise Edition,11.1.3000.0,1,msdb,sa,SIMPLE
7605,VRTVD5072.odd.svc.company.com,VRTVD5072\\ERA_BI_SQL,ERA_BI_SQL,SQLAgent$ERA_BI_SQL,Enterprise Edition,11.1.3393.0,1,2986_HR_Private,odd\jigar.Pawa,FULL
7605,VRTVD5072.odd.svc.company.com,VRTVD5072\\ERA_BI_SQL,ERA_BI_SQL,SQLAgent$ERA_BI_SQL,Enterprise Edition,11.1.3393.0,1,model,sa,FULL
7605,VRTVD5072.odd.svc.company.com,VRTVD5072\\ERA_BI_SQL,ERA_BI_SQL,SQLAgent$ERA_BI_SQL,Enterprise Edition,11.1.3393.0,1,PerformancePoint Service Application_b8c8636717c344338517da728686934d,odd\2758_SP13_CP_FARM,FULL
7605,VRTVD5072.odd.svc.company.com,VRTVD5072\\ERA_BI_SQL,ERA_BI_SQL,SQLAgent$ERA_BI_SQL,Enterprise Edition,11.1.3393.0,1,ReportingService_fbc76a5f706241f8809c3a167f06f2fcTempDB,odd\2758_SP13_CP_FARM,FULL
7605,VRTVD5072.odd.svc.company.com,VRTVD5072\\ERA_BI_SQL,ERA_BI_SQL,SQLAgent$ERA_BI_SQL,Enterprise Edition,11.1.3393.0,1,Secure_Store_Service_DB_baba8a2495ff4664ba9e7a4462b809f3,odd\2758_SP13_CP_FARM,FULL
7605,VRTVD5072.odd.svc.company.com,VRTVD5072\\ERA_BI_SQL,ERA_BI_SQL,SQLAgent$ERA_BI_SQL,Enterprise Edition,11.1.3393.0,1,SharePoint_AdminContent_5f95b275-c4e5-482d-83c9-ccc5b473508b,odd\v.krishna.jarul,FULL
7605,VRTVD5072.odd.svc.company.com,VRTVD5072\\ERA_BI_SQL,ERA_BI_SQL,SQLAgent$ERA_BI_SQL,Enterprise Edition,11.1.3393.0,1,SharePoint_Config,odd\v.krishna.jarul,FULL
7605,VRTVD5072.odd.svc.company.com,VRTVD5072\\ERA_BI_SQL,ERA_BI_SQL,SQLAgent$ERA_BI_SQL,Enterprise Edition,11.1.3393.0,1,tempdb,sa,SIMPLE
7605,VRTVD5072.odd.svc.company.com,VRTVD5072\\MSSQLSERVER,MSSQLSERVER,SQLSERVERAGENT,Enterprise Edition,11.1.3373.0,1,master,sa,SIMPLE
7605,VRTVD5072.odd.svc.company.com,VRTVD5072\\ERA_BI_SQL,ERA_BI_SQL,SQLAgent$ERA_BI_SQL,Enterprise Edition,11.1.3393.0,1,Managed Metadata Service_dcb1bf8d78b2497b974277ea5545c465,odd\2758_SP13_CP_FARM,FULL
7605,VRTVD5072.odd.svc.company.com,VRTVD5072\\ERA_BI_SQL,ERA_BI_SQL,SQLAgent$ERA_BI_SQL,Enterprise Edition,11.1.3393.0,1,master,sa,SIMPLE
7605,VRTVD5072.odd.svc.company.com,VRTVD5072\\ERA_BI_SQL,ERA_BI_SQL,SQLAgent$ERA_BI_SQL,Enterprise Edition,11.1.3393.0,1,msdb,sa,SIMPLE
7605,VRTVD5072.odd.svc.company.com,VRTVD5072\\ERA_BI_SQL,ERA_BI_SQL,SQLAgent$ERA_BI_SQL,Enterprise Edition,11.1.3393.0,1,ReportingService_fbc76a5f706241f8809c3a167f06f2fc,odd\2758_SP13_CP_FARM,FULL
7605,VRTVD5072.odd.svc.company.com,VRTVD5072\\ERA_BI_SQL,ERA_BI_SQL,SQLAgent$ERA_BI_SQL,Enterprise Edition,11.1.3393.0,1,ReportingService_fbc76a5f706241f8809c3a167f06f2fc_Alerting,odd\2758_SP13_CP_FARM,FULL
7605,VRTVD5072.odd.svc.company.com,VRTVD5072\\ERA_BI_SQL,ERA_BI_SQL,SQLAgent$ERA_BI_SQL,Enterprise Edition,11.1.3393.0,1,TESTSQL2012DB,odd\roger.b.dejunn,FULL
7605,VRTVD5072.odd.svc.company.com,VRTVD5072\\ERA_BI_SQL,ERA_BI_SQL,SQLAgent$ERA_BI_SQL,Enterprise Edition,11.1.3393.0,1,User Profile Service Application_SocialDB_88c47b7d955041f78a9f27bfb39f3e62,odd\2758_SP13_CP_FARM,SIMPLE
7605,VRTVD5072.odd.svc.company.com,VRTVD5072\\ERA_BI_SQL,ERA_BI_SQL,SQLAgent$ERA_BI_SQL,Enterprise Edition,11.1.3393.0,1,WSS_Content_5d9233b5ff404dc9a879319a51518b18,odd\2758_SP13_CP_FARM,FULL
7605,VRTVD5072.odd.svc.company.com,VRTVD5072\\MSSQLSERVER,MSSQLSERVER,SQLSERVERAGENT,Enterprise Edition,11.1.3373.0,1,model,sa,FULL
7605,VRTVD5072.odd.svc.company.com,VRTVD5072\\ERA_BI_SQL,ERA_BI_SQL,SQLAgent$ERA_BI_SQL,Enterprise Edition,11.1.3393.0,1,DefaultPowerPivotServiceApplicationDB-472c0ee9-f22f-458f-b930-a947c7f0c1a1,odd\v.krishna.jarul,FULL
7605,VRTVD5072.odd.svc.company.com,VRTVD5072\\ERA_BI_SQL,ERA_BI_SQL,SQLAgent$ERA_BI_SQL,Enterprise Edition,11.1.3393.0,1,StateService_f19c4537d4c74b70972ed65405f7e941,odd\2758_SP13_CP_FARM,FULL
7605,VRTVD5072.odd.svc.company.com,VRTVD5072\\ERA_BI_SQL,ERA_BI_SQL,SQLAgent$ERA_BI_SQL,Enterprise Edition,11.1.3393.0,1,User Profile Service Application_ProfileDB_07f0dfaf8a5e47b8bc5da41b632f33ca,odd\2758_SP13_CP_FARM,SIMPLE
7605,VRTVD5072.odd.svc.company.com,VRTVD5072\\ERA_BI_SQL,ERA_BI_SQL,SQLAgent$ERA_BI_SQL,Enterprise Edition,11.1.3393.0,1,User Profile Service Application_SyncDB_a49d19afe9184a7da52ac8e183fb67c5,odd\2758_SP13_CP_FARM,SIMPLE
7605,VRTVD5072.odd.svc.company.com,VRTVD5072\\ERA_BI_SQL,ERA_BI_SQL,SQLAgent$ERA_BI_SQL,Enterprise Edition,11.1.3393.0,1,WSS_Content,odd\2758_SP13_CP_FARM,FULL
7605,VRTVD5072.odd.svc.company.com,VRTVD5072\\ERA_BI_SQL,ERA_BI_SQL,SQLAgent$ERA_BI_SQL,Enterprise Edition,11.1.3393.0,1,WSS_Logging,odd\v.krishna.jarul,SIMPLE
7605,VRTVD5072.odd.svc.company.com,VRTVD5072\\MSSQLSERVER,MSSQLSERVER,SQLSERVERAGENT,Enterprise Edition,11.1.3373.0,1,msdb,sa,SIMPLE
7605,VRTVD5072.odd.svc.company.com,VRTVD5072\\MSSQLSERVER,MSSQLSERVER,SQLSERVERAGENT,Enterprise Edition,11.1.3373.0,1,tempdb,sa,SIMPLE